region,state,fly,stimulus,concentration,stimulus_nr,recording,0,1,2,3,4,5,6,7,8,9,10,11,12,13,14,15,16,17,18,19,20,21,22,23,24,25,26,27,28,29,30,31,32,33,34,35,36,37,38,39,40,41,42,43,44,45,46,47,48,49,50,51,52,53,54,55,56,57,58,59
1,virgin_10d_sucrose,dm_R57C10xGC6s_190508b,yeast,10%,04,dm_R57C10xGC6s_190508b_04_yeast_10%_SEZ_volreg_transfor_gauss.nii,9514.971,9801.564,9469.777,8986.062,8614.363,8762.307,9112.7295,9058.6045,8525.228,9098.551,9186.764,9673.098,9714.684,9869.765,9635.615,9716.568,9462.407,9688.15,9448.87,9575.202,9763.934,9808.851,9555.894,9242.749,9247.22,9259.668,9622.498,9658.205,9491.328,9294.694,9290.746,9354.467,9387.178,8735.277,9499.82,9453.009,9482.91,9267.065,9160.324,8893.221,8746.258,8883.993,9076.667,8751.993,8805.399,8936.168,9004.082,8978.305,9011.101,8970.501,9094.146,8910.288,8755.719,8950.258,9077.145,8755.779,8538.712,9090.36,9133.335,9051.305
2,virgin_10d_sucrose,dm_R57C10xGC6s_190508b,yeast,10%,04,dm_R57C10xGC6s_190508b_04_yeast_10%_SEZ_volreg_transfor_gauss.nii,9342.651,9524.381,9788.545,9357.95,10888.429,12613.879,11925.756,11242.22,10516.48,11530.791,10898.565,12225.329,12850.243,11985.444,11853.55,12355.131,11506.072,11306.046,10890.056,10535.234,10750.849,10413.87,10001.836,10119.705,9130.478,10673.933,10167.64,10002.429,9773.882,9845.271,10102.417,10055.064,10030.337,8939.029,11006.601,10203.543,10342.963,9868.025,10065.724,9843.574,9998.834,10189.321,9976.652,9520.854,9825.607,9618.638,9794.044,9689.911,9427.144,9460.271,9520.785,10096.031,10135.379,9872.401,10049.555,9467.092,9710.076,9767.099,9679.779,9671.766
3,virgin_10d_sucrose,dm_R57C10xGC6s_190508b,yeast,10%,04,dm_R57C10xGC6s_190508b_04_yeast_10%_SEZ_volreg_transfor_gauss.nii,12335.718,11859.724,11987.289,11722.1875,11104.73,11867.825,11613.917,12084.071,12308.764,12523.806,12169.456,12750.63,13236.002,13862.977,14264.544,13084.987,13251.671,13019.212,13098.082,13446.724,13545.606,14607.294,12708.547,12988.882,12924.457,13129.02,12081.041,14045.542,13016.454,12227.942,12941.67,12903.298,13737.399,13605.412,13437.165,13520.21,13463.109,12648.409,12996.188,13515.652,12555.083,12283.08,11891.086,12393.74,11978.762,12414.418,12042.839,11911.093,12430.136,12227.198,12601.76,11097.29,12595.179,12123.23,12379.685,11599.116,12000.87,12162.097,11507.372,11973.426
4,virgin_10d_sucrose,dm_R57C10xGC6s_190508b,yeast,10%,04,dm_R57C10xGC6s_190508b_04_yeast_10%_SEZ_volreg_transfor_gauss.nii,13388.229,13166.967,12637.007,12567.763,12944.541,14387.492,14208.96,13499.65,12968.869,13243.222,13578.652,15008.837,16634.338,17475.088,17607.766,17032.71,17204.264,17680.59,17115.16,17740.715,17835.79,18249.021,17598.484,17348.607,17399.486,17786.098,17316.297,16765.742,16978.002,16799.428,16887.936,17592.236,17783.787,17506.83,17142.107,17628.268,17850.453,17273.639,17445.85,17045.652,16312.035,16673.307,16965.332,17098.256,17621.861,17112.477,16983.324,17302.902,17024.498,17264.635,17252.234,15905.919,14666.66,15920.058,14782.226,13719.844,13471.426,13512.89,13131.457,13092.981
5,virgin_10d_sucrose,dm_R57C10xGC6s_190508b,yeast,10%,04,dm_R57C10xGC6s_190508b_04_yeast_10%_SEZ_volreg_transfor_gauss.nii,14739.235,14717.345,14367.357,13574.719,12774.764,13134.613,13736.793,13541.643,12490.274,13621.656,15557.008,16700.885,17299.865,17315.848,17269.93,17362.4,16432.494,16332.365,15946.965,15664.029,16970.246,17309.312,17042.023,16843.191,15631.028,16622.076,16769.754,16523.781,16276.437,16126.854,16125.342,15926.761,15469.142,13896.26,14949.291,14978.756,15407.062,15289.017,15090.072,14909.372,14466.745,14820.275,14847.227,14674.858,14529.099,14724.587,14691.878,14614.456,14789.814,14795.572,14891.18,14521.726,14413.712,14519.35,14550.289,14056.674,13864.497,14436.664,14388.635,14419.952
6,virgin_10d_sucrose,dm_R57C10xGC6s_190508b,yeast,10%,04,dm_R57C10xGC6s_190508b_04_yeast_10%_SEZ_volreg_transfor_gauss.nii,15794.334,15828.715,15716.657,15119.626,14320.8125,14925.561,15204.597,15927.1045,14887.762,16386.797,17742.629,19140.988,20289.477,20259.887,20262.537,20943.814,19380.07,19356.717,19132.195,18965.268,19324.29,19886.262,19658.45,19131.674,18166.463,18510.44,18685.795,18623.174,17818.66,17374.666,17831.09,17474.459,17699.377,16801.078,17578.184,17919.87,18317.312,18053.355,18270.203,18420.986,17721.512,17980.314,17881.234,18112.992,18149.322,17951.744,18187.195,18575.736,18078.225,18461.734,18135.436,18047.443,17220.893,18119.957,17771.223,17357.309,17275.926,18230.783,18004.852,17957.447
7,virgin_10d_sucrose,dm_R57C10xGC6s_190508b,yeast,10%,04,dm_R57C10xGC6s_190508b_04_yeast_10%_SEZ_volreg_transfor_gauss.nii,9332.543,9631.671,9424.768,9202.074,8616.597,9151.528,9444.227,9353.427,9415.873,9317.347,9791.847,10354.756,10672.163,10916.49,10839.686,10876.147,10672.761,10497.541,10612.038,10176.1875,10850.272,11213.37,10663.963,10408.527,10550.103,10212.359,10527.645,10284.913,10158.013,10090.77,10277.593,10430.154,10091.317,9340.23,10085.397,9901.409,10146.212,9752.3545,9855.318,9519.87,9337.753,9554.673,9424.978,9221.058,9388.077,9516.358,9401.035,9548.927,9409.112,9200.992,9178.259,9191.479,8998.088,9119.014,9052.859,8900.05,9023.763,9428.575,9308.474,9372.56
8,virgin_10d_sucrose,dm_R57C10xGC6s_190508b,yeast,10%,04,dm_R57C10xGC6s_190508b_04_yeast_10%_SEZ_volreg_transfor_gauss.nii,9072.945,9130.95,9083.663,9002.014,9316.148,9293.111,9540.286,9068.118,8997.428,9253.973,9052.903,9435.152,9525.412,9371.459,9475.895,9769.308,9229.78,9400.588,9375.627,9270.904,9288.833,9420.043,9535.921,9320.643,9228.06,9445.149,9254.037,9400.661,9264.828,9227.171,9319.364,9397.868,9358.642,9239.099,9381.585,9167.257,9010.411,9063.641,9106.642,8938.822,9078.024,9373.181,9327.504,9164.726,9347.345,9014.369,9110.543,9214.218,9294.974,9077.337,9034.634,9290.223,9294.716,9276.055,9272.952,8998.791,8878.71,9018.507,8951.54,9020.503
9,virgin_10d_sucrose,dm_R57C10xGC6s_190508b,yeast,10%,04,dm_R57C10xGC6s_190508b_04_yeast_10%_SEZ_volreg_transfor_gauss.nii,12508.895,12587.648,12748.148,12394.76,13291.19,13795.314,13763.56,13652.593,13271.262,13962.012,15779.161,20158.635,21315.498,19786.07,19257.088,19530.236,17507.287,16576.3,15635.703,15447.134,16236.069,16034.012,15169.756,15018.733,14215.85,14851.015,14675.001,14026.019,13579.036,13258.384,13731.156,13996.793,13739.213,13048.866,14186.869,13855.258,14162.909,14124.177,14133.886,14092.0205,14206.143,14006.711,14135.8125,13932.477,13985.672,14097.175,13974.075,13967.089,13773.055,13932.976,14045.352,14245.214,14833.998,14318.26,14009.232,13288.665,13473.49,13476.708,13421.56,13577.797
10,virgin_10d_sucrose,dm_R57C10xGC6s_190508b,yeast,10%,04,dm_R57C10xGC6s_190508b_04_yeast_10%_SEZ_volreg_transfor_gauss.nii,4935.205,5082.9653,5211.229,5057.0938,4536.6636,4427.091,4782.815,4672.36,4318.032,4556.776,5164.2505,5673.23,5775.5854,5775.0537,5742.4263,5919.4946,5602.777,5489.5874,5481.644,5541.568,5536.6943,5528.865,5385.763,5303.1523,5252.3896,4838.077,5121.1865,5061.858,4995.442,4847.9336,5036.4546,5157.213,5009.124,4619.588,4512.1074,4741.459,5123.953,5085.7783,5137.491,4945.2363,4735.9897,4882.2227,5199.693,5065.375,5053.1523,5236.3833,5263.784,5263.1587,5250.425,5301.8726,5385.7603,4825.144,5221.865,5306.242,5288.4507,5066.4766,4598.28,4863.194,4945.176,5028.0874
11,virgin_10d_sucrose,dm_R57C10xGC6s_190508b,yeast,10%,04,dm_R57C10xGC6s_190508b_04_yeast_10%_SEZ_volreg_transfor_gauss.nii,11394.382,11661.033,11429.689,11330.857,12747.269,13314.768,12664.316,12280.086,11620.933,11867.353,12124.001,14600.81,16421.6,16665.93,16131.14,16763.441,16408.783,16349.276,16085.858,15795.766,16126.654,16311.709,15736.733,15356.343,14974.556,15230.954,15445.296,15369.461,15184.525,15012.508,15207.716,15726.793,15914.059,15466.246,15650.27,15954.467,15800.786,15432.225,15510.506,15180.991,15344.906,15116.634,15251.777,15021.895,15125.629,15026.155,14919.856,15141.794,14865.628,14960.672,14845.762,14067.131,13405.219,14185.435,13450.736,12549.684,12279.07,12422.566,12436.839,12127.321
12,virgin_10d_sucrose,dm_R57C10xGC6s_190508b,yeast,10%,04,dm_R57C10xGC6s_190508b_04_yeast_10%_SEZ_volreg_transfor_gauss.nii,6640.914,6786.195,6747.1616,6222.5415,6410.4766,6523.879,6633.5054,6408.8413,6394.2183,6630.2134,6722.771,7046.3486,6826.933,6831.9546,6914.1313,6900.8325,6685.618,6654.742,6622.952,6747.441,6689.7783,6646.1245,6515.516,6532.6777,6508.973,6542.7876,6626.1,6549.231,6612.2197,6379.202,6460.7188,6630.8384,6531.29,6391.882,6467.4404,6399.346,6523.654,6478.3813,6464.4805,6270.387,6308.5845,6318.2095,6435.972,6320.6724,6263.2734,6347.857,6405.3916,6354.98,6374.7695,6533.8433,6588.808,6492.526,6760.7495,6595.0234,6510.624,6224.607,6266.209,6318.0444,6318.222,6430.964
13,virgin_10d_sucrose,dm_R57C10xGC6s_190508b,yeast,10%,04,dm_R57C10xGC6s_190508b_04_yeast_10%_SEZ_volreg_transfor_gauss.nii,2471.7322,2612.0767,2516.803,2514.4438,2520.088,2599.6482,2640.014,2539.9673,2495.6978,5839.0903,4810.611,4412.0654,3228.3838,3057.8796,2743.1104,2747.1873,2733.5469,2561.3276,2533.5745,2640.9863,2671.341,2737.1091,2723.1448,2640.241,2684.9407,2601.3555,2596.9075,2585.7644,2568.0032,2536.6208,2598.881,2590.9644,2566.986,2726.0234,7727.3467,8350.585,7933.171,7710.1855,7498.442,7135.8594,7458.3228,8259.057,7307.796,7199.8853,6674.236,6427.594,6377.4863,6243.257,6053.24,5176.574,4243.3994,5254.8926,4965.9556,4112.641,3470.4932,3115.538,3717.8787,3905.792,4148.3706,4502.745
14,virgin_10d_sucrose,dm_R57C10xGC6s_190508b,yeast,10%,04,dm_R57C10xGC6s_190508b_04_yeast_10%_SEZ_volreg_transfor_gauss.nii,14087.297,13583.474,13130.415,12818.477,12478.591,13601.081,13743.301,13440.401,13309.715,13825.803,14605.18,15367.986,16210.179,16775.768,16524.95,16637.95,16413.936,16722.28,16659.533,16594.783,17831.846,18167.203,17293.576,16484.182,16262.318,16418.984,17152.426,16173.783,16174.694,16102.269,15972.92,16839.914,16477.398,15646.057,16323.223,16802.014,17283.363,16614.088,16743.512,16300.679,15909.523,15950.899,15972.433,15699.116,15789.593,15502.927,15701.825,15717.469,15665.497,15728.362,15705.433,15326.373,14544.662,15119.056,14299.454,13765.06,13618.046,14139.36,13449.947,13510.975
15,virgin_10d_sucrose,dm_R57C10xGC6s_190508b,yeast,10%,04,dm_R57C10xGC6s_190508b_04_yeast_10%_SEZ_volreg_transfor_gauss.nii,7468.255,7484.286,7482.436,7113.9253,6192.787,6910.823,7213.362,6738.169,6301.103,6936.3047,7063.982,6830.756,7315.241,7169.0176,6834.76,7253.006,6967.4985,7175.4185,7572.4097,7369.4927,7440.3506,7022.259,7236.5664,6842.757,7231.3633,6678.972,7447.8823,7620.8545,7450.1514,7447.321,7809.068,7695.1094,7451.621,7295.132,6872.9463,7831.1484,7073.8965,7213.842,7290.844,6846.404,7405.7446,7401.2383,7134.983,6887.207,7224.0513,7478.046,6968.1074,7249.0127,7422.589,7200.2935,7419.27,7644.139,7492.094,7197.348,7410.9053,7286.578,6806.395,7194.8315,7609.243,7486.886
16,virgin_10d_sucrose,dm_R57C10xGC6s_190508b,yeast,10%,04,dm_R57C10xGC6s_190508b_04_yeast_10%_SEZ_volreg_transfor_gauss.nii,15928.725,15284.07,14410.703,13518.091,13089.436,13699.333,13818.569,13676.277,13271.1875,14110.147,14831.432,15756.08,16475.287,16901.305,16792.1,16793.996,16462.748,16665.26,16443.615,16295.22,16965.752,17224.988,16883.791,16359.351,16356.545,16121.176,16624.043,16350.746,16147.529,15887.275,15897.648,16172.181,15915.632,14705.788,15406.491,15479.339,15668.859,15485.585,15343.274,15197.151,14355.223,14948.495,14853.319,14870.583,14895.526,14846.373,15099.713,15026.834,15052.875,15058.98,15093.2295,14873.723,14597.54,14644.388,14736.257,14322.25,13912.287,14350.373,14592.993,14311.326
17,virgin_10d_sucrose,dm_R57C10xGC6s_190508b,yeast,10%,04,dm_R57C10xGC6s_190508b_04_yeast_10%_SEZ_volreg_transfor_gauss.nii,3898.9282,4117.8975,3898.2744,3904.975,4917.096,5943.8794,5074.6074,4751.0386,5142.4985,4442.1504,4450.0254,5994.7783,7363.9536,7782.7803,8398.726,8467.039,8232.914,7936.042,8199.892,8171.028,8401.645,8597.292,8376.52,8042.6025,6757.8013,7889.919,8218.847,7960.602,7727.342,7803.6772,7810.4688,7979.1343,7871.668,8833.146,7683.4263,7724.8896,7843.204,7922.2197,7851.3926,7192.792,8925.217,7484.15,7627.3516,7629.818,7524.621,7616.0684,7605.045,7690.005,7343.957,7551.0283,7376.497,6155.713,5563.3984,6323.4814,5580.4014,4847.7485,4592.3145,4501.203,4413.629,4449.922
18,virgin_10d_sucrose,dm_R57C10xGC6s_190508b,yeast,10%,04,dm_R57C10xGC6s_190508b_04_yeast_10%_SEZ_volreg_transfor_gauss.nii,7165.6675,7315.524,7238.0493,6885.2207,6960.2515,7083.829,7385.3774,7000.586,6968.7305,7100.248,7645.048,8022.17,7784.2256,7784.6123,7728.4985,7835.508,7665.0117,7579.39,7519.822,7511.3657,7567.246,7516.8926,7360.8096,7262.348,7147.741,7276.268,7368.2583,7297.0537,7305.235,7164.266,7305.163,7397.887,7233.9907,7110.069,7217.455,7217.2935,7334.9336,7265.127,7267.48,6992.544,7099.2036,6961.8647,7121.58,7039.6284,6976.0796,7137.509,7188.147,7096.948,7188.801,7299.605,7312.2974,7172.501,7387.456,7270.8794,7251.2305,7008.7583,6944.3364,6997.4204,7026.008,7104.171
19,virgin_10d_sucrose,dm_R57C10xGC6s_190508b,yeast,10%,04,dm_R57C10xGC6s_190508b_04_yeast_10%_SEZ_volreg_transfor_gauss.nii,8565.438,8233.996,8150.617,7751.4927,9870.46,12160.846,10595.687,9836.787,9816.405,9691.107,9718.585,11600.143,13361.847,14174.152,13975.166,13939.457,14685.452,15074.321,14747.687,15003.465,15112.167,15425.916,14230.476,13600.776,14194.64,14562.282,13684.951,14370.094,14422.159,14158.477,13909.425,16487.219,15675.8545,13803.516,15012.609,15865.45,14922.305,14494.383,15088.422,14321.903,12859.528,14419.717,14774.586,14181.344,14703.098,14478.704,13536.146,14570.398,14484.43,13768.119,14167.054,12375.473,10301.749,12888.479,11065.57,9596.823,9282.684,9066.894,9013.234,8705.154
20,virgin_10d_sucrose,dm_R57C10xGC6s_190508b,yeast,10%,04,dm_R57C10xGC6s_190508b_04_yeast_10%_SEZ_volreg_transfor_gauss.nii,7102.562,7214.0977,7153.773,6903.2783,7221.301,7237.044,7353.5723,7182.225,7036.711,7139.446,7370.8877,7717.8896,7570.8516,7289.8667,7614.0537,7339.309,7264.1655,7207.4453,6909.0547,7131.6323,7106.4204,6925.871,6726.636,7071.3413,6918.1685,7067.248,7023.872,6810.257,6746.7144,6699.476,6936.9766,6989.7793,6852.1333,6843.5923,6787.472,6620.2456,6798.7246,6834.126,6849.736,6616.392,6807.7876,6808.8823,6805.189,6628.4546,6700.1616,6712.6245,6839.276,6652.886,6608.5874,6688.729,6695.4824,6739.6064,7208.077,7002.4707,6822.058,6473.7236,6777.243,6661.471,6538.2627,6636.5137
21,virgin_10d_sucrose,dm_R57C10xGC6s_190508b,yeast,10%,04,dm_R57C10xGC6s_190508b_04_yeast_10%_SEZ_volreg_transfor_gauss.nii,6081.0107,6307.3716,6240.7866,6075.316,6510.327,6474.1562,6597.4414,6393.432,6464.1978,6585.103,7289.1094,8759.477,9116.1455,8565.644,8755.849,8468.384,7867.875,7655.7627,7457.7837,7465.776,7520.5264,7353.384,7079.1626,7181.641,7088.1133,7138.343,6869.853,6785.366,6704.7236,6432.1416,6570.602,6771.378,6768.4795,6599.4185,6746.953,6667.7983,6703.5586,6866.3027,6845.3984,6819.5356,6776.5024,6754.817,6856.1187,6726.804,6733.9575,6735.357,6799.7666,6746.5366,6730.307,6905.243,6984.91,6953.017,7317.74,6995.3667,6847.952,6591.7163,6642.3257,6472.061,6387.562,6619.3584
22,virgin_10d_sucrose,dm_R57C10xGC6s_190508b,yeast,10%,04,dm_R57C10xGC6s_190508b_04_yeast_10%_SEZ_volreg_transfor_gauss.nii,3821.0198,3918.92,4013.7678,4077.205,3345.5947,3421.6318,3682.184,3595.7847,3033.0083,3252.9844,3816.1743,4134.822,4198.5435,4197.055,4209.065,4238.4287,4211.25,4160.8296,4079.8953,4137.8037,4089.3423,4041.6584,3952.8352,3938.9597,4015.979,3706.297,3814.5593,3836.3523,3836.1855,3759.2988,3892.7039,3963.9697,3921.2292,3561.3826,3441.4343,3675.0686,3928.5693,3840.991,3886.829,3748.3125,3638.6995,3663.6555,3883.2197,3797.2178,3840.2847,3895.637,3936.1648,3847.828,3905.0298,3914.5388,3990.4546,3654.8477,3921.054,3918.9395,3833.5256,3789.5166,3572.7178,3701.381,3718.213,3668.0718
23,virgin_10d_sucrose,dm_R57C10xGC6s_190508b,yeast,10%,04,dm_R57C10xGC6s_190508b_04_yeast_10%_SEZ_volreg_transfor_gauss.nii,12969.853,13095.361,12778.711,12590.917,11974.253,12731.177,12884.16,12720.515,12276.016,12823.013,12899.05,12924.024,13079.397,13011.022,13094.76,13150.093,13097.476,13141.516,13146.881,13014.186,13155.707,13110.132,13138.921,13047.674,13041.473,13047.763,13242.852,13257.4,13020.419,13057.547,13052.978,12934.209,13037.912,11826.031,13096.874,13094.039,13244.454,13009.789,13062.222,12958.063,12484.846,13108.192,13013.79,12930.958,12960.479,12899.587,12898.802,12910.849,12817.311,12799.14,12688.792,12894.6045,12822.594,12700.152,12870.343,12570.138,12646.632,13284.896,13219.833,12890.616
24,virgin_10d_sucrose,dm_R57C10xGC6s_190508b,yeast,10%,04,dm_R57C10xGC6s_190508b_04_yeast_10%_SEZ_volreg_transfor_gauss.nii,26204.533,25187.994,23981.29,23557.598,23484.617,24798.854,25521.355,24957.988,23676.293,25948.562,25863.059,25654.312,25775.2,25208.127,26155.096,24809.979,24263.85,24098.387,23601.59,25524.412,24532.908,24485.307,25028.682,24496.418,22972.08,28388.73,26008.266,24287.07,23972.365,24216.633,23909.068,22944.496,23243.965,22551.973,24667.639,23894.227,24551.45,24945.193,24077.834,24041.49,23901.887,24435.86,24188.998,25386.186,26237.016,26048.238,26492.328,27207.596,27728.58,27536.943,27471.201,27481.807,26100.047,26129.031,25986.38,25516.535,25093.957,25261.1,24968.865,24782.178
25,virgin_10d_sucrose,dm_R57C10xGC6s_190508b,yeast,10%,04,dm_R57C10xGC6s_190508b_04_yeast_10%_SEZ_volreg_transfor_gauss.nii,18530.805,18251.998,17378.482,15415.598,14628.355,14177.143,14696.427,14549.427,13974.122,14528.64,16614.037,19976.871,21653.32,23289.295,23122.703,23139.654,21369.412,20447.19,20543.137,21037.465,23750.576,24830.215,24309.41,24485.326,23633.143,23125.566,22901.68,23012.355,22917.375,22895.29,23114.727,22033.303,22419.941,19704.637,20278.463,21336.295,22031.62,22542.94,22362.201,22839.457,21678.11,22555.746,23002.844,23281.18,23303.84,23162.941,23215.814,23493.926,23248.244,23334.758,23693.045,22121.55,20826.902,21404.146,20522.412,20057.1,19773.035,19701.488,19548.805,19487.42
26,virgin_10d_sucrose,dm_R57C10xGC6s_190508b,yeast,10%,04,dm_R57C10xGC6s_190508b_04_yeast_10%_SEZ_volreg_transfor_gauss.nii,23003.588,21716.59,20927.596,19225.521,18843.04,18703.271,18064.633,17584.715,15833.019,17409.256,19540.764,22418.078,25406.076,27315.088,27478.938,28703.123,26239.482,25516.91,26434.553,26145.834,30255.062,30775.982,30255.203,29240.344,27314.232,28508.861,29167.578,28732.064,28547.764,28624.904,28955.902,28176.348,28063.287,25237.818,26582.182,27485.264,28269.348,27516.07,27691.24,27638.502,26477.21,27738.424,27662.543,28085.416,27768.22,27823.516,27715.525,27962.506,27634.36,27678.729,27225.133,26713.943,25134.076,25618.896,24734.438,23938.303,23430.389,24848.807,24556.715,23821.318
27,virgin_10d_sucrose,dm_R57C10xGC6s_190508b,yeast,10%,04,dm_R57C10xGC6s_190508b_04_yeast_10%_SEZ_volreg_transfor_gauss.nii,7034.1416,7360.1377,7385.7134,6964.622,6694.866,6827.912,7077.395,6860.7046,6542.504,7098.103,7107.628,7371.4175,7375.2866,7350.2285,7315.394,7513.906,7267.598,7289.3804,7308.793,7402.298,7544.6836,7514.7017,7377.6885,7144.9253,7178.589,7127.852,7463.474,7514.799,7391.54,7231.7046,7259.048,7354.616,7295.0444,6770.8774,7327.78,7371.732,7388.3013,7262.4473,7247.276,7033.0356,6922.665,7058.701,7109.2544,6962.276,7043.8228,7040.506,7082.284,7111.247,7127.044,7141.104,7226.9565,7194.7217,7068.924,7141.981,7129.829,6899.5317,6854.081,7256.1353,7259.5083,7203.0474
28,virgin_10d_sucrose,dm_R57C10xGC6s_190508b,yeast,10%,04,dm_R57C10xGC6s_190508b_04_yeast_10%_SEZ_volreg_transfor_gauss.nii,4912.0054,5056.585,4973.2993,4811.802,4108.0664,4350.8926,4915.872,4848.64,4104.1587,4294.2827,5202.673,5576.9233,5845.6235,5862.777,5682.006,5715.9663,5503.6875,5193.3286,5204.502,5091.9023,5175.3174,5085.801,5039.164,5002.4033,4955.805,4602.6226,4770.486,4776.9727,4837.5386,4656.5234,4821.4453,4762.5503,4823.394,4176.049,4252.4985,4557.471,4803.918,4870.1177,4915.8403,4732.3013,4544.489,4557.485,4948.509,4850.266,4882.2354,4988.163,5086.694,4913.3315,5014.8896,5174.1235,5254.2964,4838.437,5066.462,5212.5493,5134.698,5078.814,4727.966,4941.6797,4958.328,4849.7456
29,virgin_10d_sucrose,dm_R57C10xGC6s_190508b,yeast,10%,04,dm_R57C10xGC6s_190508b_04_yeast_10%_SEZ_volreg_transfor_gauss.nii,10830.581,11146.203,11227.486,10468.127,10136.991,10485.758,10687.701,10544.018,9997.289,10730.195,10809.459,11320.622,11205.839,11127.932,11157.633,11256.867,11100.866,11092.609,11024.993,11191.649,11349.104,11280.579,10883.174,10815.086,10515.227,10831.277,11083.036,11038.829,10884.234,10769.478,10677.856,11002.8,10879.691,10161.273,11036.976,10952.182,11060.803,10928.788,10845.734,10633.966,10522.285,10600.99,10648.665,10406.667,10399.553,10649.224,10520.42,10488.994,10568.204,10749.688,10785.4,10677.813,10849.38,10639.62,10553.817,10337.481,10426.937,10680.417,10544.096,10658.5625
30,virgin_10d_sucrose,dm_R57C10xGC6s_190508b,yeast,10%,04,dm_R57C10xGC6s_190508b_04_yeast_10%_SEZ_volreg_transfor_gauss.nii,12674.355,12328.591,12086.775,11907.532,11518.078,11942.0205,12400.2295,12341.975,11998.005,12497.567,12589.597,12994.733,12890.584,13176.13,13335.891,13074.042,13171.458,13203.26,13291.065,13214.265,13344.789,13518.239,13365.86,13211.261,13065.003,12990.998,13310.693,13256.763,13401.779,13233.788,13234.118,13190.411,13202.619,12736.408,13033.089,13067.752,13219.71,13119.854,13060.6875,12822.898,12613.348,12861.722,12834.968,12864.865,12894.872,12615.694,12746.344,12881.995,12751.315,12773.843,12856.578,12739.905,12954.809,12812.675,12787.002,12786.8545,12491.238,12782.171,12820.023,12683.784
31,virgin_10d_sucrose,dm_R57C10xGC6s_190508b,yeast,10%,04,dm_R57C10xGC6s_190508b_04_yeast_10%_SEZ_volreg_transfor_gauss.nii,12732.889,12563.956,12314.521,12270.057,12066.71,12522.413,12812.69,12735.288,12058.868,12791.374,12992.461,13640.848,14211.619,14370.211,14462.896,14107.998,14033.971,14109.862,13973.32,13878.261,14259.258,14701.34,14206.838,13968.775,14069.298,13991.054,14134.001,13988.056,13637.127,13838.352,13869.88,14201.298,13940.849,13529.1455,13752.12,13729.114,13940.743,13599.358,13649.384,13460.167,13445.03,13714.696,13410.7295,13267.558,13243.0,13370.568,13236.237,13205.985,13194.861,13034.728,12950.998,12707.894,12718.951,12743.799,12904.512,12639.299,12401.254,12883.786,12919.0,12608.378
32,virgin_10d_sucrose,dm_R57C10xGC6s_190508b,yeast,10%,04,dm_R57C10xGC6s_190508b_04_yeast_10%_SEZ_volreg_transfor_gauss.nii,14769.263,15241.324,15051.255,15035.8,13489.132,14309.56,14701.315,14603.462,14001.736,14308.532,14572.177,14783.362,15002.451,14996.583,14897.831,14954.366,14458.424,14691.301,14796.585,14756.574,15280.408,15485.493,15324.116,15178.792,14858.604,14105.628,15191.725,15173.856,15219.193,14904.684,14955.825,14826.766,14708.327,13516.442,14736.912,14755.175,15291.899,14751.202,14868.469,14403.532,14188.28,14597.987,14982.442,14605.457,14937.253,14601.969,14829.429,14900.42,15045.844,14690.302,14976.513,14989.253,15168.487,14986.001,14653.397,14784.703,14338.122,15622.557,15394.401,15193.85
33,virgin_10d_sucrose,dm_R57C10xGC6s_190508b,yeast,10%,04,dm_R57C10xGC6s_190508b_04_yeast_10%_SEZ_volreg_transfor_gauss.nii,9202.753,9242.85,9169.796,8605.277,8506.439,8411.929,8819.181,8527.474,8571.033,9006.469,9117.363,9328.714,9169.505,8995.23,9141.375,9327.518,9157.253,9129.575,9008.382,9206.631,9303.686,9235.21,8843.613,8808.359,8581.765,8959.855,9223.387,9056.625,9230.5,8878.155,8851.522,9217.914,8917.485,8729.317,9050.536,8779.126,9131.985,9156.986,8908.249,8702.193,8846.269,8610.892,8535.306,8500.717,8468.039,8627.609,8756.728,8615.3125,8751.198,8984.929,8947.807,9015.379,8973.442,8877.626,8875.115,8449.788,8591.479,8789.535,8798.886,8806.691
34,virgin_10d_sucrose,dm_R57C10xGC6s_190508b,yeast,10%,04,dm_R57C10xGC6s_190508b_04_yeast_10%_SEZ_volreg_transfor_gauss.nii,5798.8623,6093.1895,5921.021,6134.164,5839.6274,5853.734,5985.375,6479.298,6210.3286,7139.8716,6614.6504,7161.0947,7056.0024,6562.723,6401.426,6029.9404,5930.2236,6064.24,6437.0425,6184.0874,6018.7217,5890.8726,5779.1772,5817.4565,5666.678,5756.6875,5760.4556,5734.614,6252.3423,5992.7246,5803.2827,5723.025,5858.1367,5692.7974,6081.4287,5807.0146,5789.4214,5820.0854,5824.327,5613.0464,5640.4893,5652.906,5768.4565,5726.9277,5708.802,5605.658,5554.673,5832.5386,6113.5435,5819.8125,5747.966,5729.7944,5690.259,5730.148,5716.5127,5872.9507,5651.795,5589.5645,5639.2817,5757.6323
35,virgin_10d_sucrose,dm_R57C10xGC6s_190508b,yeast,10%,04,dm_R57C10xGC6s_190508b_04_yeast_10%_SEZ_volreg_transfor_gauss.nii,15376.549,14206.235,13813.376,14822.681,14056.668,15524.593,14705.392,14271.27,12681.257,14943.635,14038.027,13685.849,13817.984,13274.732,13240.269,13358.371,13567.745,13614.279,13461.949,13153.453,13220.786,12861.695,13079.718,12828.994,12331.7,13548.251,13482.197,13010.981,12723.811,12926.966,12864.262,12981.913,12770.9795,11954.501,14054.63,13248.984,12957.195,12857.522,13040.127,12745.514,12684.285,13777.895,13161.595,12853.639,12484.799,12815.375,12809.058,12400.627,12615.06,12622.431,12589.19,14195.683,12512.998,12726.87,12633.6875,12960.872,13504.578,13259.021,12946.205,12853.337
36,virgin_10d_sucrose,dm_R57C10xGC6s_190508b,yeast,10%,04,dm_R57C10xGC6s_190508b_04_yeast_10%_SEZ_volreg_transfor_gauss.nii,8949.726,8068.0464,7891.4214,7294.9136,4906.9106,4605.764,6766.677,6991.1772,5395.054,6258.9795,6953.777,6655.9165,7332.7896,7471.0215,7852.1445,7131.8687,7740.744,7754.458,8186.3784,7797.8613,8760.223,8710.708,8815.254,8234.699,8431.75,7321.6177,8684.854,8609.459,8699.446,8268.59,8379.617,8102.9224,8185.0396,6546.877,8157.952,8668.866,8568.731,8325.932,8166.3315,8065.0654,7253.3394,8034.0776,8014.499,8188.5312,8151.2793,8154.2446,8099.1694,8608.351,8552.743,8543.58,8207.584,8378.674,7950.0615,8357.366,7822.454,7931.9136,7279.512,8817.221,8811.945,8515.644
37,virgin_10d_sucrose,dm_R57C10xGC6s_190508b,yeast,10%,04,dm_R57C10xGC6s_190508b_04_yeast_10%_SEZ_volreg_transfor_gauss.nii,7424.0513,7426.291,6898.5454,6817.8125,9864.317,15344.054,11118.009,10250.4,10581.53,9461.703,8766.815,12444.667,14867.207,16529.436,15504.415,15768.071,16640.645,17040.818,15991.658,17590.08,16703.697,17041.047,15365.201,15298.792,13797.22,16484.85,15220.099,15416.868,16479.549,15299.666,15769.559,18031.527,18112.164,14165.882,17576.002,17384.12,16471.379,15659.765,16503.37,14563.078,13760.738,15398.062,16383.937,14837.971,16588.92,15477.3955,14815.804,15665.644,15532.374,14315.807,15427.322,12946.832,9783.439,13513.322,10543.372,8812.746,8521.207,7499.454,7464.29,7605.431
38,virgin_10d_sucrose,dm_R57C10xGC6s_190508b,yeast,10%,04,dm_R57C10xGC6s_190508b_04_yeast_10%_SEZ_volreg_transfor_gauss.nii,11893.756,12274.553,10785.867,10253.223,8474.214,7712.608,10125.293,10792.887,9773.229,9355.731,15290.686,11797.443,11877.093,11228.752,12137.072,12197.817,15005.679,14635.029,11416.3545,11260.676,11002.748,12354.618,11629.739,11991.446,11448.619,12145.698,11317.33,12067.16,11390.651,12552.633,11712.132,12476.04,10347.75,9869.334,8472.558,10068.148,11106.127,10872.199,10790.701,9960.416,9747.719,10560.07,11409.312,11532.8125,11958.368,12044.366,12617.3,12236.574,12114.609,12381.158,12396.091,9240.627,10722.715,12148.867,12197.617,11464.302,11920.539,10307.229,10853.727,11447.845
39,virgin_10d_sucrose,dm_R57C10xGC6s_190508b,yeast,10%,04,dm_R57C10xGC6s_190508b_04_yeast_10%_SEZ_volreg_transfor_gauss.nii,10126.364,9812.2,9445.955,9132.871,10050.541,12375.324,11396.893,10180.118,9496.109,9739.804,10036.666,12363.36,14655.39,15498.929,15363.7705,14881.21,15610.515,15923.012,15643.643,15203.904,15742.425,15163.074,14757.761,13714.616,13847.187,13951.84,13470.163,13369.08,14034.253,13114.808,13432.422,14294.82,14696.048,13615.949,14092.932,14435.133,14088.263,13307.998,13594.101,13047.376,12601.218,12940.705,13368.465,12787.417,13086.333,12586.145,12464.767,12722.658,12483.651,12586.737,12667.771,11769.161,10541.919,11973.048,10822.468,10254.3,9587.423,9797.715,9434.957,9629.272
40,virgin_10d_sucrose,dm_R57C10xGC6s_190508b,yeast,10%,04,dm_R57C10xGC6s_190508b_04_yeast_10%_SEZ_volreg_transfor_gauss.nii,4225.9326,4396.7773,4074.0435,3998.6636,4184.3506,4277.432,4206.044,4115.183,4256.766,4147.567,4413.7983,4629.209,4740.941,5187.9634,4970.114,4926.097,4362.913,4507.9146,4487.3193,4606.784,4672.7646,4665.4336,4499.062,4578.1406,3994.161,4271.049,4411.269,4457.7017,4423.2686,4259.758,4354.027,4372.3306,4295.606,4156.913,4200.653,4168.424,4320.2344,4347.621,4478.9663,4027.6877,4034.575,4326.9155,4466.715,4466.5103,4557.7876,4529.004,4585.868,4352.0293,4517.3154,4473.449,4682.153,4227.3735,4341.4497,4614.041,4545.4385,4465.5815,3898.8018,4158.2134,4165.5986,4414.349
41,virgin_10d_sucrose,dm_R57C10xGC6s_190508b,yeast,10%,04,dm_R57C10xGC6s_190508b_04_yeast_10%_SEZ_volreg_transfor_gauss.nii,6220.5747,6494.076,6100.6187,5936.963,7207.025,9229.288,7924.327,6778.2764,7175.8633,6898.502,6749.6196,9725.984,12972.356,14699.648,15586.879,15771.018,15816.706,16126.576,15887.116,15611.246,15635.607,15698.122,15138.571,14681.99,13853.15,14117.3,14248.764,14026.72,14315.851,14024.05,14436.374,15049.152,15594.1455,13441.937,13819.916,14745.997,14811.881,14609.712,14516.954,14004.271,13611.003,13908.2295,14113.923,13768.698,13686.615,13433.192,13586.145,13524.554,13574.415,13541.521,12974.688,11064.0625,8800.966,10023.567,8561.94,7574.021,6932.713,6907.588,6711.077,6599.6436
42,virgin_10d_sucrose,dm_R57C10xGC6s_190508b,yeast,10%,04,dm_R57C10xGC6s_190508b_04_yeast_10%_SEZ_volreg_transfor_gauss.nii,4781.092,5129.437,5083.254,4716.8535,4758.6533,5211.823,5434.583,5197.6875,5162.3535,5179.2563,5574.1963,5568.8,5734.5054,5785.233,5825.827,5790.621,5612.3623,5540.7485,5552.8994,5518.617,5617.327,5671.6113,5676.4795,5276.75,5252.299,5636.5366,5871.278,5747.113,5774.5464,5605.685,5531.491,5482.0034,5290.8994,5314.7026,4825.0107,4709.237,4942.7314,4809.456,4900.0835,4721.926,4838.861,4737.8765,4624.102,4663.2603,4699.061,4943.835,4863.4277,4991.634,5059.3975,5418.6343,5467.417,5313.537,5204.655,5386.7407,5622.957,5452.795,5304.4136,5759.8965,5739.543,5495.9863
43,virgin_10d_sucrose,dm_R57C10xGC6s_190508b,yeast,10%,04,dm_R57C10xGC6s_190508b_04_yeast_10%_SEZ_volreg_transfor_gauss.nii,11610.01,11778.869,11780.998,10991.253,12170.252,12146.61,12226.552,11725.827,10557.14,11136.114,13317.812,17445.682,21046.025,21366.008,20323.838,21917.492,20654.703,20078.22,19863.162,18976.04,19903.727,19774.13,18823.041,18133.562,17368.74,16753.459,17415.027,17176.338,16624.16,16533.56,17209.736,17968.436,17982.896,15556.242,16369.981,17175.379,17772.168,17638.793,17095.717,17095.316,16043.2295,16554.418,16930.623,16971.207,16858.006,16924.361,16796.066,16829.02,16499.201,16828.543,16466.465,14928.723,14443.415,15104.365,14180.205,13045.935,12247.636,12655.721,12725.8545,12448.068
44,virgin_10d_sucrose,dm_R57C10xGC6s_190508b,yeast,10%,04,dm_R57C10xGC6s_190508b_04_yeast_10%_SEZ_volreg_transfor_gauss.nii,10806.991,11070.719,10643.661,10300.27,11505.686,12251.399,11872.7705,11471.731,11269.904,11395.08,11901.563,13330.5205,14844.867,16351.971,15769.569,15723.549,16231.773,16446.393,16195.8,16236.075,17069.256,17423.07,16576.727,16022.562,16324.465,15888.251,15940.677,15934.13,15905.026,15689.706,15806.12,16878.889,17312.107,17122.223,16431.393,17138.072,17121.312,16912.557,16868.475,16714.121,16351.175,16334.952,16692.549,16538.729,16725.309,16504.531,16084.785,16653.11,16483.639,16473.1,16173.538,14626.691,13190.568,14380.27,13291.719,12596.103,11952.911,12295.849,11998.26,11931.514
45,virgin_10d_sucrose,dm_R57C10xGC6s_190508b,yeast,10%,04,dm_R57C10xGC6s_190508b_04_yeast_10%_SEZ_volreg_transfor_gauss.nii,6625.613,6801.2896,6925.0635,6447.3525,6297.9077,6106.942,6391.5156,6040.1377,5904.346,5968.408,6955.458,8149.9277,8487.738,8363.687,8116.3384,8396.656,8213.589,7923.651,7795.986,7736.2295,7854.76,7742.127,7657.656,7437.1865,7321.391,6779.783,7151.6157,6971.2974,6883.412,6746.3423,7028.553,7257.456,7193.97,6455.2026,6510.0054,6689.878,7290.0625,7439.104,7322.429,7084.2534,6832.1333,6926.99,7383.9956,7251.745,7240.1035,7458.91,7485.742,7407.119,7420.2246,7518.327,7533.568,6912.542,7427.324,7608.7275,7433.993,6944.503,6120.144,6288.113,6704.878,6742.2607
46,virgin_10d_sucrose,dm_R57C10xGC6s_190508b,yeast,10%,04,dm_R57C10xGC6s_190508b_04_yeast_10%_SEZ_volreg_transfor_gauss.nii,5360.8096,5778.3633,5548.648,5440.112,5522.665,5587.559,5739.7993,5409.8247,5479.3584,5666.8667,5565.728,5870.5366,5888.7764,5666.7827,5954.4253,5655.123,5654.909,5907.2954,5918.119,5920.8154,5947.651,5875.91,5808.2686,5884.2197,5724.6,5814.9883,5810.025,5811.0493,5841.318,5723.509,5722.29,5705.3164,5718.7935,5302.041,5656.873,5625.7935,5689.576,5685.393,5662.2217,5523.871,5267.3193,5635.4224,5646.716,5555.382,5561.388,5456.8047,5499.6855,5561.8257,5494.0117,5502.011,5524.3784,5601.809,5582.127,5567.4136,5611.383,5447.5903,5454.0054,5432.711,5450.0127,5487.996
47,virgin_10d_sucrose,dm_R57C10xGC6s_190508b,yeast,10%,04,dm_R57C10xGC6s_190508b_04_yeast_10%_SEZ_volreg_transfor_gauss.nii,6763.363,7061.397,6388.9985,5819.9653,5753.4604,5486.624,5442.413,5603.212,5807.4795,5747.593,6334.928,7195.629,7655.386,8185.108,7967.0396,8090.65,7495.62,7058.404,7961.7686,7605.1807,7716.8774,7697.6167,7740.1343,7191.4243,6793.9175,6537.4937,6856.9233,6808.1865,6773.521,6857.0947,7345.775,7583.198,7086.856,5687.997,5616.766,5698.778,7040.9556,7135.722,7316.82,6778.896,5947.5264,6913.963,7356.1074,7447.2295,7378.0513,7778.904,7778.93,7509.2827,7584.2354,7617.3013,7735.353,6188.3374,6867.352,7572.844,7303.6064,6822.7324,5905.614,6253.8022,6678.0156,7056.925
48,virgin_10d_sucrose,dm_R57C10xGC6s_190508b,yeast,10%,04,dm_R57C10xGC6s_190508b_04_yeast_10%_SEZ_volreg_transfor_gauss.nii,8886.568,9792.985,9809.131,9966.11,11165.863,11456.17,12720.913,12938.82,11746.892,11445.94,11366.781,12063.206,12455.528,13088.193,11847.766,12276.379,11577.47,11423.132,11150.624,10985.042,11145.26,11549.926,11075.077,11026.128,12329.85,10445.562,10992.34,10783.673,9952.263,10717.308,11106.696,10735.524,10280.132,9625.668,9988.378,10171.72,10584.597,10011.634,10437.043,9909.826,9969.609,9501.764,10251.798,10278.781,10152.344,9786.284,10342.843,10263.131,9757.694,9767.699,10348.046,9276.654,9856.023,10464.324,10928.836,10075.639,10017.449,10185.523,10288.988,10906.7295
49,virgin_10d_sucrose,dm_R57C10xGC6s_190508b,yeast,10%,04,dm_R57C10xGC6s_190508b_04_yeast_10%_SEZ_volreg_transfor_gauss.nii,9348.56,9696.536,9239.003,9045.832,9412.717,11349.661,9946.955,10534.091,11806.823,10678.805,10294.051,11311.019,11343.823,11612.81,11185.302,11452.472,10979.765,11157.013,10762.219,11091.853,10870.334,10975.305,10590.232,10819.2705,9836.551,11465.656,10601.263,10753.952,10432.849,10320.934,11013.24,10699.969,11049.472,9138.993,11747.411,10774.334,11394.856,10845.394,11339.635,10655.113,10399.598,11215.062,11272.246,10936.653,11176.212,11187.074,11330.298,11221.368,11600.786,11350.805,11667.831,11890.175,10827.715,11475.079,11188.575,10517.938,11711.89,10383.87,10534.004,10869.883
50,virgin_10d_sucrose,dm_R57C10xGC6s_190508b,yeast,10%,04,dm_R57C10xGC6s_190508b_04_yeast_10%_SEZ_volreg_transfor_gauss.nii,7944.449,8017.295,7771.7397,7555.463,8041.705,8908.376,8677.704,8124.66,7941.1094,7912.2393,8191.255,9767.016,11035.196,12083.338,12284.777,12472.678,12272.21,12422.265,12094.133,12204.341,12038.802,12168.837,11912.4375,11916.7295,11491.805,11448.046,11752.515,11591.026,11482.518,11400.581,11303.195,11328.803,11595.399,10724.967,11320.548,11351.166,11599.119,11600.055,11560.283,11184.899,11034.59,11092.774,11256.26,11295.492,11194.907,11037.967,11349.556,10950.412,11163.227,11212.4,11146.655,10402.85,9820.342,10057.498,9283.555,8964.0205,8570.175,8551.745,8328.555,8458.794
51,virgin_10d_sucrose,dm_R57C10xGC6s_190508b,yeast,10%,04,dm_R57C10xGC6s_190508b_04_yeast_10%_SEZ_volreg_transfor_gauss.nii,7581.252,7933.06,7891.6865,7381.0903,7533.6904,7640.27,7848.906,7573.877,7446.3906,7878.29,7956.381,8277.86,8246.225,8192.902,8266.8545,8182.935,7895.8325,8002.4272,8016.5073,8134.7397,8202.985,8161.116,8075.0806,7928.1494,7815.4927,7941.763,8135.1226,8133.3574,8080.9033,7881.083,7902.9653,7907.6504,7887.38,7387.135,7921.924,7874.3594,7938.622,7884.638,7886.3477,7682.6377,7400.8525,7749.1523,7769.5186,7692.9927,7690.7173,7659.719,7740.4907,7765.6177,7764.734,7829.837,7900.326,7909.863,7841.0874,7929.786,7797.6367,7645.2114,7675.0464,7893.6494,7838.6333,7873.4116
52,virgin_10d_sucrose,dm_R57C10xGC6s_190508b,yeast,10%,04,dm_R57C10xGC6s_190508b_04_yeast_10%_SEZ_volreg_transfor_gauss.nii,10371.107,10460.91,10175.17,10250.258,10903.0205,11132.741,11008.538,10930.289,10876.297,11066.506,10985.445,11444.55,11525.35,11634.616,11505.518,11778.255,11625.71,11635.884,11613.815,11557.308,11515.293,11531.989,11337.582,11276.497,11023.624,11224.049,11372.864,11230.123,11089.853,11122.738,11184.968,11310.026,11249.721,11460.64,11463.761,11305.47,11553.56,11231.777,11337.649,11203.599,11571.189,11289.298,11214.05,10987.525,11198.066,11077.257,10970.755,11043.874,10867.199,10936.724,10817.558,10875.928,10977.819,10923.967,10813.697,10570.093,10671.423,10972.444,10923.476,10619.147
53,virgin_10d_sucrose,dm_R57C10xGC6s_190508b,yeast,10%,04,dm_R57C10xGC6s_190508b_04_yeast_10%_SEZ_volreg_transfor_gauss.nii,11206.779,11167.042,10655.566,9952.838,12085.039,15721.222,13537.946,12311.494,11026.338,12209.743,11631.79,14538.333,17461.297,19238.645,18627.219,18232.643,19632.965,20836.377,18914.945,19922.623,19500.928,20277.52,19027.928,17625.5,17165.365,19078.828,18252.107,18371.818,19012.354,18144.352,18312.93,20537.111,20414.102,21237.326,19807.893,20083.443,18710.143,18212.94,17873.867,17397.252,17616.95,17410.838,17830.398,16661.184,17873.602,16799.479,16585.447,16954.98,17320.154,16658.83,16893.48,15200.994,12793.633,15637.085,13142.372,11666.673,10423.659,10545.666,10460.697,10240.301
54,virgin_10d_sucrose,dm_R57C10xGC6s_190508b,yeast,10%,04,dm_R57C10xGC6s_190508b_04_yeast_10%_SEZ_volreg_transfor_gauss.nii,7928.3394,8380.223,7911.7114,7975.7,7359.08,7637.918,8074.0513,8368.357,8366.307,8034.5845,8801.968,9398.463,10194.131,10311.322,10466.528,10704.373,9987.712,10003.664,9908.307,10015.29,10086.376,10292.792,9900.519,9896.719,9746.649,9492.561,9711.906,9561.916,9238.03,9456.415,9430.361,9573.971,9369.606,8819.306,8566.475,9140.106,9717.815,9574.496,9677.576,9432.906,9354.209,9763.084,9922.816,10290.034,9917.897,10061.805,9822.069,10053.375,9736.927,10072.313,9921.42,8881.17,9344.687,9789.282,9614.562,9171.25,8560.866,8989.916,9375.48,9238.132
55,virgin_10d_sucrose,dm_R57C10xGC6s_190508b,yeast,10%,04,dm_R57C10xGC6s_190508b_04_yeast_10%_SEZ_volreg_transfor_gauss.nii,8503.916,8452.784,7720.4844,7826.573,11095.048,16688.19,12972.047,11297.219,11637.124,10565.364,10016.476,14207.255,16793.469,17021.271,16754.678,16044.076,17527.354,17583.312,16492.441,18339.158,17669.705,17891.79,16512.44,15825.411,14571.008,17878.889,15759.536,16252.187,17427.09,16249.362,16584.26,19153.328,18553.86,15703.8,17903.404,17842.773,17336.752,16484.984,17214.326,15309.278,13849.074,15592.935,17015.48,15669.3,17480.9,15891.174,14719.232,15556.526,15567.16,14414.322,15518.51,13778.255,10529.982,14628.61,11095.357,9377.74,8997.287,8121.797,8352.721,8111.7876
56,virgin_10d_sucrose,dm_R57C10xGC6s_190508b,yeast,10%,04,dm_R57C10xGC6s_190508b_04_yeast_10%_SEZ_volreg_transfor_gauss.nii,7369.3306,7533.8774,7851.805,7579.001,6802.9062,7140.3154,7659.646,7733.093,6758.1113,7031.91,7677.6855,8955.209,9720.41,9789.377,9897.811,10052.126,10154.446,9554.275,9621.825,8977.181,9385.634,9182.266,9377.502,8835.283,8809.406,8606.405,8950.371,8715.113,8598.238,8554.626,8505.379,8755.416,8784.417,7989.935,8280.984,8551.259,8702.65,8416.225,8517.443,8366.649,8395.854,8454.992,8557.245,8540.85,8531.754,8754.4,8512.375,8721.178,8630.348,8567.538,8580.127,8275.349,8542.101,8815.478,8488.9375,8215.517,8175.44,8416.4375,8300.377,8036.5044
57,virgin_10d_sucrose,dm_R57C10xGC6s_190508b,yeast,10%,04,dm_R57C10xGC6s_190508b_04_yeast_10%_SEZ_volreg_transfor_gauss.nii,9565.784,9700.37,9715.303,9677.897,9829.525,9464.627,9658.046,9649.814,8886.327,9145.8,10714.343,12220.818,13333.9375,13257.572,12903.416,13578.974,13024.172,12523.705,12700.282,12331.006,12546.356,12458.308,11818.839,11767.9,11054.243,10850.8545,11225.422,11016.648,10882.251,10812.4,11447.437,11871.302,11411.219,10370.432,10352.318,10602.875,11355.713,11206.408,11228.651,11002.442,10431.531,10966.156,11342.334,11262.409,11275.648,11483.84,11406.381,11356.187,11422.852,11466.283,11626.006,10575.513,11025.047,11183.836,10770.446,10174.802,9510.155,9713.736,9888.798,9977.983
58,virgin_10d_sucrose,dm_R57C10xGC6s_190508b,yeast,10%,04,dm_R57C10xGC6s_190508b_04_yeast_10%_SEZ_volreg_transfor_gauss.nii,13493.813,13486.915,13192.134,12389.329,11676.724,10723.005,11660.301,12097.339,11296.887,12013.903,16827.197,20691.164,23531.145,24380.322,24000.002,23779.662,21152.805,19202.791,18031.482,17285.115,19447.338,20818.076,20716.566,21073.729,20601.166,19608.895,20766.965,20225.734,19406.951,19557.238,19747.027,18420.188,17988.785,15045.211,15130.983,15292.122,15589.468,15076.139,15367.052,15295.515,14391.621,14523.599,15148.617,15259.282,15167.879,15338.451,15466.036,15397.695,15610.549,16076.652,15942.235,15096.831,14406.809,15368.633,15082.926,14503.143,13913.924,14134.425,14107.1875,14261.57
59,virgin_10d_sucrose,dm_R57C10xGC6s_190508b,yeast,10%,04,dm_R57C10xGC6s_190508b_04_yeast_10%_SEZ_volreg_transfor_gauss.nii,14305.25,14424.12,14230.738,13837.894,13211.826,13063.378,13726.269,13529.308,11809.619,13176.121,18184.67,21874.709,24342.877,24535.725,24366.406,24642.736,22074.895,20920.771,20162.598,19237.22,21735.635,23165.045,23157.062,22742.832,22070.732,21474.89,22412.486,22211.656,21659.566,21431.414,21648.207,20707.871,19150.959,16478.492,16904.1,16947.562,17737.025,17431.729,17163.693,16829.47,15954.427,16496.918,17013.512,16871.12,16933.041,16983.742,16853.926,16695.383,16538.94,16687.197,16684.957,15684.481,15727.615,16050.331,15585.526,14817.729,14166.101,14656.995,14721.58,14924.97
60,virgin_10d_sucrose,dm_R57C10xGC6s_190508b,yeast,10%,04,dm_R57C10xGC6s_190508b_04_yeast_10%_SEZ_volreg_transfor_gauss.nii,7115.3833,7360.862,7500.4707,7061.577,7424.365,7161.652,7490.636,7282.076,7078.9966,7259.5107,9012.148,11292.824,12187.894,12034.436,11468.233,11878.578,11439.308,10802.788,10455.872,10271.782,10458.155,10267.582,9958.865,9762.116,9388.27,9004.641,9032.803,8948.775,8720.057,8542.8545,9261.736,9584.357,9572.879,8744.659,8843.144,9139.048,9332.855,9390.465,9288.968,9149.646,8964.019,8969.644,9289.549,9342.312,9440.071,9327.92,9340.804,9434.043,9366.252,9416.144,9522.876,8914.736,8873.332,8892.447,8593.216,8239.519,7794.9355,7943.249,7971.488,7953.025
61,virgin_10d_sucrose,dm_R57C10xGC6s_190508b,yeast,10%,04,dm_R57C10xGC6s_190508b_04_yeast_10%_SEZ_volreg_transfor_gauss.nii,9474.042,9842.515,9688.019,9457.433,9373.641,9969.512,9998.863,9769.762,9303.929,9809.7705,9895.755,10180.177,10306.667,10177.764,10174.294,10201.197,9979.776,10051.449,9974.383,10014.028,10130.642,10039.35,9791.696,9883.08,9562.472,10081.396,10080.969,9949.657,9696.323,9805.173,9833.247,9886.373,9781.952,9145.658,9978.567,9698.043,9967.607,9788.433,9767.963,9690.604,9647.303,9809.72,9780.7705,9558.196,9678.326,9653.822,9640.618,9685.158,9552.6045,9525.351,9571.735,9695.337,9835.93,9659.54,9792.367,9385.935,9701.601,9954.769,9870.945,9692.426
62,virgin_10d_sucrose,dm_R57C10xGC6s_190508b,yeast,10%,04,dm_R57C10xGC6s_190508b_04_yeast_10%_SEZ_volreg_transfor_gauss.nii,8094.3726,8393.75,8669.579,8110.951,9222.702,9291.48,9255.359,8848.958,8849.849,8951.892,9846.193,15740.169,18391.393,17182.803,16604.693,17278.219,15414.554,14618.322,13795.444,13431.787,13500.396,12902.559,12551.954,12297.159,11977.791,11522.664,11762.591,11331.648,10998.782,10662.275,10943.294,11357.944,11511.648,11173.133,11252.995,11173.426,11611.951,11686.154,11477.002,11494.667,11178.798,11141.028,11700.07,11536.836,11470.838,11504.87,11668.0,11527.147,11351.897,11609.139,11547.314,11135.362,10671.802,10609.443,10201.504,9744.934,9244.124,9255.67,9222.988,9378.508
63,virgin_10d_sucrose,dm_R57C10xGC6s_190508b,yeast,10%,04,dm_R57C10xGC6s_190508b_04_yeast_10%_SEZ_volreg_transfor_gauss.nii,14880.323,14850.002,15027.247,14939.738,16063.183,16515.523,16332.6455,16119.203,14758.318,15706.716,17235.518,26166.234,29929.602,27500.727,26674.875,27803.352,24414.035,22719.812,21407.588,20500.547,20940.643,20243.846,19091.166,18557.16,17846.51,17381.547,17772.676,17027.35,16584.404,16323.734,17037.04,17471.838,17220.09,16372.451,17056.572,17632.527,18143.549,17982.963,17959.756,18060.418,17203.672,17552.832,18207.877,17987.996,17889.229,18019.793,17927.756,17936.166,17617.611,17746.385,17789.299,16979.012,17192.744,17309.275,16574.266,15676.541,15051.985,15366.048,15401.366,15494.269
64,virgin_10d_sucrose,dm_R57C10xGC6s_190508b,yeast,10%,04,dm_R57C10xGC6s_190508b_04_yeast_10%_SEZ_volreg_transfor_gauss.nii,4654.799,4624.1377,4601.8345,3913.0776,3985.3096,3828.4507,4318.734,4497.184,4623.216,4358.7783,6060.4595,6222.665,6454.0195,6753.209,6616.8843,6459.672,5632.732,5208.791,5162.494,5010.465,5433.627,5238.998,5305.908,5077.8276,5246.1875,4461.4033,4887.3975,4990.873,4916.5586,4898.4575,5106.1646,5081.4014,5064.073,4218.0723,4289.906,4832.8765,4881.0566,4846.37,5030.951,4729.317,4475.9355,4571.018,4950.9307,5003.719,4810.281,4987.4556,5007.907,5037.392,5019.9673,5192.946,4993.8613,4421.1895,4686.495,4855.402,4735.014,4494.902,4352.7812,4579.494,4633.4194,4596.413
65,virgin_10d_sucrose,dm_R57C10xGC6s_190508b,yeast,10%,04,dm_R57C10xGC6s_190508b_04_yeast_10%_SEZ_volreg_transfor_gauss.nii,7721.195,7676.7456,9866.152,8699.974,8362.454,7401.931,12513.112,8879.984,8062.4023,8376.493,14957.872,12253.732,11016.847,10739.495,9083.167,9857.387,14373.773,16007.184,8669.863,8875.095,8612.348,8837.383,8335.319,8645.766,9754.901,11780.343,8478.6045,8460.165,8264.108,8157.0205,8233.247,8784.039,10715.244,7963.02,7848.3013,10522.344,13115.044,8428.281,8228.615,8176.1455,9256.28,9480.762,8415.853,8268.976,8164.7,8726.223,8436.982,9196.15,8779.1455,9018.015,8381.279,11033.607,8614.94,8842.284,8199.938,8013.315,9475.947,11647.169,11471.441,7400.511
66,virgin_10d_sucrose,dm_R57C10xGC6s_190508b,yeast,10%,04,dm_R57C10xGC6s_190508b_04_yeast_10%_SEZ_volreg_transfor_gauss.nii,6860.306,7095.5425,7190.8955,7176.1475,7025.614,7229.7534,7522.302,7214.544,6923.769,6927.575,7517.5757,8131.9478,8136.0586,7928.9067,8040.924,7860.9795,7928.2583,7815.157,7520.405,7526.3916,7604.044,7592.5776,7317.906,7349.5215,7254.3647,7276.162,7129.0073,7053.273,6990.6035,6882.9707,7191.511,7231.169,7217.8896,6965.3784,6958.421,6951.725,7224.682,7090.8657,7085.6753,6860.0615,7046.0483,6876.9077,7068.1133,6908.0615,6889.1914,6987.6294,7029.8823,6995.666,7048.05,7008.754,7079.9775,6786.003,7104.23,7028.449,6931.2207,6597.447,6835.7407,6817.254,6800.3457,6639.7764
67,virgin_10d_sucrose,dm_R57C10xGC6s_190508b,yeast,10%,04,dm_R57C10xGC6s_190508b_04_yeast_10%_SEZ_volreg_transfor_gauss.nii,7482.9155,7494.7007,7210.732,6998.707,8991.965,12887.708,11247.522,9345.096,8845.405,8827.94,8248.577,11002.773,12788.894,13797.445,12965.757,12751.184,13840.441,14265.222,13407.07,14103.526,13925.863,13958.752,12876.283,12051.53,11664.601,13479.483,12761.485,12678.818,13675.033,12652.826,12771.603,14789.865,14828.679,12127.844,14608.323,14509.544,13481.749,12523.183,13372.151,11873.682,11293.915,12351.189,13188.549,12271.477,13425.392,12607.7295,12263.323,12842.438,13050.01,11968.381,12737.486,11981.353,9369.779,12115.139,9938.118,8681.165,8042.7314,7844.8525,7753.797,7647.5586
68,virgin_10d_sucrose,dm_R57C10xGC6s_190508b,yeast,10%,04,dm_R57C10xGC6s_190508b_04_yeast_10%_SEZ_volreg_transfor_gauss.nii,11675.274,11640.09,11261.894,10658.479,9853.361,9712.966,10429.794,10322.323,9769.742,10600.642,11945.223,12988.648,13479.626,13449.391,13365.783,13242.757,12672.899,12255.322,12012.632,11761.538,12644.456,13022.992,12713.729,12462.262,11916.898,12174.563,12474.616,12250.284,11985.42,11937.814,11974.722,11987.822,11803.45,10644.624,11590.616,11875.75,12333.436,12339.251,12245.151,11981.8955,11656.124,12001.321,12148.835,11967.749,11928.012,11982.921,11903.716,11908.833,12046.139,12081.952,12079.714,11768.292,11602.798,11894.166,11950.809,11581.008,11176.072,11659.71,11737.932,11962.136
69,virgin_10d_sucrose,dm_R57C10xGC6s_190508b,yeast,10%,04,dm_R57C10xGC6s_190508b_04_yeast_10%_SEZ_volreg_transfor_gauss.nii,12591.278,12279.835,11872.3955,11340.58,11056.383,11024.133,11415.405,11249.675,11101.253,11478.236,11486.325,11534.726,11679.896,11823.656,11952.794,11920.7,11935.0205,11849.962,11950.787,11980.027,11953.149,11964.167,11945.731,11758.78,11814.415,11780.705,12005.423,11864.867,11729.55,11774.2,11829.488,11761.301,11791.004,11915.741,11002.295,11626.116,11484.493,11633.671,11516.894,11414.038,11586.645,11418.489,11469.821,11743.172,11603.664,11818.22,12035.058,12281.225,12347.54,12423.525,12678.228,11768.813,11710.21,12009.072,12114.099,11878.506,11676.581,11901.591,12110.039,11905.168
70,virgin_10d_sucrose,dm_R57C10xGC6s_190508b,yeast,10%,04,dm_R57C10xGC6s_190508b_04_yeast_10%_SEZ_volreg_transfor_gauss.nii,5397.309,5769.3833,5093.973,5326.664,5238.5254,6204.5215,5711.7686,5944.6616,7649.9126,6554.4365,5832.989,6150.564,5699.097,6204.6904,6017.229,6175.137,6106.2344,6075.4453,6034.2114,6563.5796,5937.6763,6414.38,6311.7236,6136.633,5583.279,6846.6724,6105.332,5993.643,6005.976,5984.1997,6271.287,6032.742,6041.463,5435.092,6117.8804,5814.1733,6146.6714,6136.3154,6313.484,5801.7954,6037.634,6042.872,6187.8423,6291.678,6278.8325,5913.988,6134.169,5783.3535,5997.131,5915.773,6059.9976,6241.5615,5618.133,5765.182,5559.7266,5432.1104,5749.1655,5339.5713,5240.001,5651.4766
71,virgin_10d_sucrose,dm_R57C10xGC6s_190508b,yeast,10%,04,dm_R57C10xGC6s_190508b_04_yeast_10%_SEZ_volreg_transfor_gauss.nii,5220.827,5732.4087,5377.0874,5108.4614,4591.124,4708.0938,5555.7065,5400.189,4437.3716,5290.5283,4894.088,5453.1045,5609.019,5700.7065,5797.4673,5928.3345,5713.8906,5515.4136,5507.083,5342.5547,5402.4575,5414.891,5395.587,5233.998,4893.5376,4641.633,5055.008,5088.104,4980.45,4986.07,5231.3315,5296.095,5191.0586,5496.1514,4813.1367,5174.4805,5104.3228,5091.621,5275.268,5028.2607,5475.7715,5009.583,5271.871,5240.208,5220.78,5739.9263,5779.4814,5692.421,5647.362,5609.316,5759.5293,5103.624,5181.9126,5734.226,5548.6724,5331.5166,4762.4404,4980.168,5120.6226,5229.735
72,virgin_10d_sucrose,dm_R57C10xGC6s_190508b,yeast,10%,04,dm_R57C10xGC6s_190508b_04_yeast_10%_SEZ_volreg_transfor_gauss.nii,5242.6294,5473.662,5251.4897,5445.0806,5537.11,5684.2544,5816.1245,5353.4375,5326.43,5170.6978,5536.0215,6772.2163,7353.569,7151.857,7204.2153,7161.2046,6850.171,6748.3623,6625.588,6602.214,6407.2026,6313.3325,6025.323,6063.0967,6004.773,5858.7314,5822.444,5719.5073,5680.39,5510.3813,5533.8887,5617.3516,5742.58,5639.8423,5571.6455,5662.3325,5794.226,5815.8784,5833.7104,5746.695,5621.1377,5647.873,5782.0117,5707.94,5706.6167,5671.438,5810.0376,5713.0835,5674.523,5744.6953,5775.962,5716.0825,5957.0493,5923.518,5737.212,5566.3496,5481.2915,5338.1934,5336.388,5416.3687
73,virgin_10d_sucrose,dm_R57C10xGC6s_190508b,yeast,10%,04,dm_R57C10xGC6s_190508b_04_yeast_10%_SEZ_volreg_transfor_gauss.nii,4715.664,4900.1465,4716.457,4560.8584,6074.2056,7624.019,7017.3223,6362.77,6232.6514,6010.2686,5760.6035,8894.128,11779.521,12890.359,14034.693,14252.882,14498.275,14354.843,14304.798,14058.073,14249.54,14213.752,14063.713,13298.072,12643.28,12682.771,13309.505,12855.78,13415.634,12916.425,13270.538,14012.431,14550.206,12849.494,12483.953,13524.065,13708.034,13197.678,13689.184,12876.951,13413.17,12938.268,13204.891,13008.117,13298.65,13212.452,13186.725,13236.127,13405.861,13138.76,12910.539,10846.767,8581.931,10665.179,8522.365,7172.706,6042.0874,5964.9316,5469.731,5253.347
74,virgin_10d_sucrose,dm_R57C10xGC6s_190508b,yeast,10%,04,dm_R57C10xGC6s_190508b_04_yeast_10%_SEZ_volreg_transfor_gauss.nii,10519.994,10614.923,10109.623,9981.815,11975.314,14822.328,13104.931,11743.82,10656.678,10645.021,11674.234,15473.212,19458.54,21599.434,21679.117,21716.133,22885.797,23656.332,22514.365,22333.111,23968.057,24057.98,22601.408,21790.31,22060.086,21755.99,22037.422,21820.143,22156.508,21401.564,21632.887,23508.457,24133.777,21160.498,22897.205,23592.03,23022.744,22115.611,21990.37,21306.5,19667.98,20995.184,21251.32,20812.002,21118.848,20624.707,20084.953,20551.057,20259.617,20190.271,19608.648,16971.264,14334.4,16686.104,14443.73,12806.193,11876.465,11879.287,11826.577,11495.037
75,virgin_10d_sucrose,dm_R57C10xGC6s_190508b,yeast,10%,04,dm_R57C10xGC6s_190508b_04_yeast_10%_SEZ_volreg_transfor_gauss.nii,11509.961,11737.548,11529.501,11564.03,10907.864,11196.855,11674.902,11838.664,10948.942,11568.836,11804.727,12406.041,12821.467,12445.97,12277.778,12930.249,12010.546,12345.293,12316.473,12366.354,12486.217,12612.739,12379.433,12265.603,12008.089,11855.822,12272.303,12336.319,12372.764,12231.102,12269.239,12391.604,12094.371,11537.549,11747.766,11978.47,12143.717,12002.556,12058.8545,11986.895,11427.556,11945.504,12118.707,11831.729,12095.39,11911.046,12168.204,12068.112,12589.269,12045.143,12095.018,11780.855,12047.845,11836.316,11837.664,11854.31,11070.372,11872.117,11700.887,11855.505
76,virgin_10d_sucrose,dm_R57C10xGC6s_190508b,yeast,10%,04,dm_R57C10xGC6s_190508b_04_yeast_10%_SEZ_volreg_transfor_gauss.nii,10186.861,10257.83,10178.595,10278.012,9873.76,9969.605,10300.988,10269.0205,9940.696,10263.493,10531.221,10758.002,10953.978,11124.335,11071.194,10950.822,10889.56,10731.112,10718.05,10792.311,10943.937,11086.662,10829.972,10785.743,10845.284,10433.406,10768.023,10694.299,10663.605,10532.514,10665.214,10815.146,10570.068,10461.754,10143.232,10276.344,10682.012,10564.897,10537.317,10391.046,10214.07,10371.762,10424.676,10280.577,10568.509,10488.489,10516.907,10568.727,10522.431,10476.001,10445.362,9995.924,10248.149,10227.201,10281.277,10179.939,9939.195,10529.132,10342.558,10314.008
77,virgin_10d_sucrose,dm_R57C10xGC6s_190508b,yeast,10%,04,dm_R57C10xGC6s_190508b_04_yeast_10%_SEZ_volreg_transfor_gauss.nii,9611.76,9701.348,9481.42,8682.23,9029.986,9350.486,9441.259,9490.051,9459.892,9909.265,10629.289,12351.61,13446.655,13710.995,13694.135,13656.262,13073.833,12945.77,12617.649,12629.103,13208.84,13381.488,12867.928,12424.857,12486.506,12172.962,12297.119,12148.106,11861.7295,11487.12,11541.374,11908.328,12034.254,11204.388,11768.09,11822.579,11903.448,11786.579,11691.719,11467.382,10940.4375,11137.746,11374.933,11254.244,11185.94,11034.856,11178.364,11113.943,11095.671,11294.291,11243.653,10898.532,10610.365,10834.975,10637.148,10294.029,9950.967,10241.061,10187.823,10377.16
78,virgin_10d_sucrose,dm_R57C10xGC6s_190508b,yeast,10%,04,dm_R57C10xGC6s_190508b_04_yeast_10%_SEZ_volreg_transfor_gauss.nii,11982.3125,12207.236,12100.079,11750.054,11490.356,12467.173,12253.586,12413.968,12102.701,12798.041,14644.751,17724.035,19683.764,19898.871,19623.217,19708.691,18381.785,17844.375,17152.28,16877.867,19065.229,19719.275,19005.986,18071.598,17623.318,17241.736,17684.477,16950.246,16108.541,16411.578,16335.499,16869.178,16415.943,14648.714,16267.932,16491.172,16602.066,16427.145,16204.842,16146.544,15152.522,16046.313,15957.179,16063.011,16095.2295,16147.903,15951.094,16100.784,15766.517,16081.714,15787.789,15167.378,14284.27,15074.754,14608.312,13853.698,13644.713,14318.441,14089.518,14280.945
79,virgin_10d_sucrose,dm_R57C10xGC6s_190508b,yeast,10%,04,dm_R57C10xGC6s_190508b_04_yeast_10%_SEZ_volreg_transfor_gauss.nii,4784.902,5236.2183,5057.0938,4993.2363,4969.036,5028.7603,5118.9873,4848.9775,4999.163,5167.607,4972.937,5212.8164,5114.6045,4980.5933,5108.6504,4940.2627,4823.4536,5153.261,5146.469,5144.445,5185.2007,5195.79,5150.666,5163.231,5068.383,5079.155,5149.582,5192.371,5190.495,5091.023,5028.9873,5017.439,5056.003,4793.9224,5053.397,4983.305,4986.6465,4996.9326,4983.9907,4843.132,4734.954,4973.49,4945.944,4874.148,4897.017,4816.7803,4843.986,4929.124,4847.2607,4844.1265,4823.8784,4974.7666,4896.5117,4892.7876,4977.81,4841.7754,4899.781,4889.791,4966.807,5005.5005
80,virgin_10d_sucrose,dm_R57C10xGC6s_190508b,yeast,10%,04,dm_R57C10xGC6s_190508b_04_yeast_10%_SEZ_volreg_transfor_gauss.nii,6084.524,6288.227,6481.7593,6434.905,5786.7397,5317.1333,5791.3066,5979.6606,6053.187,5196.8394,6088.419,6957.363,7445.1196,7435.8867,7206.1733,7413.645,7320.369,7334.043,6895.005,7124.2427,7095.747,6972.7446,6767.7373,6708.5654,7826.5327,6470.126,6785.2725,6633.144,6324.996,6430.902,6509.6567,6479.886,6551.745,7010.78,5741.3164,6309.5444,6727.2207,6366.243,6469.134,6479.8984,6549.166,6077.551,6428.0586,6437.4355,6501.6885,6491.094,6502.345,6535.9946,6448.3647,6440.3867,6732.687,5982.7046,6229.808,6528.4966,6567.335,6069.988,6321.8584,6589.8813,6508.269,6089.174
81,virgin_10d_sucrose,dm_R57C10xGC6s_190508b,yeast,10%,04,dm_R57C10xGC6s_190508b_04_yeast_10%_SEZ_volreg_transfor_gauss.nii,6473.018,6658.2124,6659.6807,6289.6655,6482.9443,6662.828,6728.926,6471.242,6552.31,6692.6743,6882.0625,7084.486,6748.135,6632.1455,6788.4644,6752.9805,6808.0225,6802.144,6646.3535,6726.746,6702.741,6620.9224,6564.875,6562.445,6506.3125,6530.428,6609.3843,6442.556,6542.7896,6400.4814,6530.171,6772.9165,6544.0615,6601.603,6497.608,6356.4165,6600.5195,6567.8525,6551.307,6309.684,6485.199,6346.018,6484.1714,6252.8823,6245.1553,6437.2354,6474.4116,6343.389,6426.1987,6551.489,6453.9463,6388.838,6540.9053,6472.501,6427.476,6132.829,6298.2417,6287.7197,6201.4165,6383.9385
